{
  "framework": "Gate Overflow Material Strength",
  "n_elements": 68,
  "elemental_hardness_R2": 0.3953041831092031,
  "compound_hardness_R2": 0.7229295761352839,
  "bulk_modulus_R2": 0.46458402966064083,
  "graphite_diamond_ratio": 2.1696891191709846,
  "benzene_cc_bos_match": 0.02,
  "n_superhard_predictions": 30,
  "element_overflows": {
    "H": {
      "G": 174.85217501495998,
      "theta": 1.0,
      "mode": "additive"
    },
    "He": {
      "G": 255.0173927276566,
      "theta": 1.0,
      "mode": "additive"
    },
    "Li": {
      "G": 0.9580710569273532,
      "theta": 1.0,
      "mode": "additive"
    },
    "Be": {
      "G": 13.161793931940549,
      "theta": 1.0,
      "mode": "additive"
    },
    "B": {
      "G": 42.0734677456437,
      "theta": 1.142322122646331,
      "mode": "additive"
    },
    "C": {
      "G": 23.63233713362512,
      "theta": 1.2846442452926616,
      "mode": "additive"
    },
    "N": {
      "G": 8.627363258555215,
      "theta": 1.4269663679389923,
      "mode": "additive"
    },
    "O": {
      "G": 4.202104133146802,
      "theta": 1.5692884905853235,
      "mode": "additive"
    },
    "F": {
      "G": 6.983581854522825,
      "theta": 1.7116106132316542,
      "mode": "additive"
    },
    "Ne": {
      "G": 10.092190042055702,
      "theta": 2.21233525104066,
      "mode": "pythagorean"
    },
    "Na": {
      "G": -2.9048817479782545,
      "theta": 1.0,
      "mode": "additive"
    },
    "Mg": {
      "G": -12.882256820021842,
      "theta": 1.0,
      "mode": "additive"
    },
    "Al": {
      "G": -0.7571594043937333,
      "theta": 1.0879599091464636,
      "mode": "additive"
    },
    "Si": {
      "G": 14.234749059181306,
      "theta": 1.1759198182929271,
      "mode": "additive"
    },
    "P": {
      "G": -5.493298529852146,
      "theta": 1.2638797274393907,
      "mode": "additive"
    },
    "S": {
      "G": 5.421194842836789,
      "theta": 1.3518396365858543,
      "mode": "p-hole"
    },
    "Cl": {
      "G": -0.9383063293627172,
      "theta": 1.439799545732318,
      "mode": "p-hole"
    },
    "Ar": {
      "G": -11.445710649337723,
      "theta": 1.7492643909027645,
      "mode": "pythagorean"
    },
    "K": {
      "G": -3.8130216747728345,
      "theta": 1.0,
      "mode": "additive"
    },
    "Ca": {
      "G": -6.8079344089901355,
      "theta": 1.0,
      "mode": "additive"
    },
    "Sc": {
      "G": 8.31473953455447,
      "theta": 0.564,
      "mode": "leak"
    },
    "Ti": {
      "G": 1.9942408117146444,
      "theta": 0.564,
      "mode": "leak"
    },
    "V": {
      "G": 2.0976217834926314,
      "theta": 0.564,
      "mode": "leak"
    },
    "Cr": {
      "G": 3.694953592970809,
      "theta": 0.855,
      "mode": "standard"
    },
    "Mn": {
      "G": 8.08415797785847,
      "theta": 0.855,
      "mode": "standard"
    },
    "Fe": {
      "G": -3.117198556432683,
      "theta": 1.1498936349257003,
      "mode": "magnetic"
    },
    "Co": {
      "G": 5.638513982538262,
      "theta": 1.0479446180505425,
      "mode": "magnetic"
    },
    "Ni": {
      "G": 0.07869582406115551,
      "theta": 0.8584567809251956,
      "mode": "magnetic"
    },
    "Cu": {
      "G": -7.443242821973424,
      "theta": 0.564,
      "mode": "leak"
    },
    "Zn": {
      "G": -0.5719332141433391,
      "theta": 0.564,
      "mode": "leak"
    },
    "Ga": {
      "G": 3.2218333775130734,
      "theta": 1.0543622134998674,
      "mode": "additive"
    },
    "Ge": {
      "G": 12.60488185244592,
      "theta": 1.1087244269997345,
      "mode": "additive"
    },
    "As": {
      "G": -5.094293718330402,
      "theta": 1.1630866404996016,
      "mode": "additive"
    },
    "Se": {
      "G": 8.116389420532842,
      "theta": 1.217448853999469,
      "mode": "p-hole"
    },
    "Br": {
      "G": 0.7715147155339828,
      "theta": 1.2718110674993361,
      "mode": "p-hole"
    },
    "Kr": {
      "G": -1.2007430226318816,
      "theta": 1.463070860137896,
      "mode": "pythagorean"
    },
    "Rb": {
      "G": -2.2088454577454977,
      "theta": 1.0,
      "mode": "additive"
    },
    "Sr": {
      "G": -9.33401970339847,
      "theta": 1.0,
      "mode": "additive"
    },
    "Y": {
      "G": 0.5876216730222732,
      "theta": 0.564,
      "mode": "leak"
    },
    "Zr": {
      "G": -7.246795827146579,
      "theta": 0.564,
      "mode": "leak"
    },
    "Nb": {
      "G": 10.148990990087034,
      "theta": 0.564,
      "mode": "leak"
    },
    "Mo": {
      "G": 3.4990069686454732,
      "theta": 0.855,
      "mode": "standard"
    },
    "Tc": {
      "G": 8.42753111000954,
      "theta": 0.855,
      "mode": "standard"
    },
    "Ru": {
      "G": 11.218124996271769,
      "theta": 0.797,
      "mode": "standard"
    },
    "Rh": {
      "G": 9.233498673506363,
      "theta": 0.768,
      "mode": "standard"
    },
    "Pd": {
      "G": 0.17545264709885453,
      "theta": 1.0,
      "mode": "reflect"
    },
    "Ag": {
      "G": 3.517665762064796,
      "theta": 0.564,
      "mode": "leak"
    },
    "Cd": {
      "G": -4.247830967017731,
      "theta": 0.564,
      "mode": "leak"
    },
    "In": {
      "G": -6.632214556229838,
      "theta": 1.0335976956465962,
      "mode": "additive"
    },
    "Sn": {
      "G": 3.867724746725265,
      "theta": 1.0671953912931926,
      "mode": "additive"
    },
    "Sb": {
      "G": -4.406942516511289,
      "theta": 1.100793086939789,
      "mode": "additive"
    },
    "Te": {
      "G": 9.394465111427538,
      "theta": 1.1343907825863855,
      "mode": "p-hole"
    },
    "I": {
      "G": 1.3868746112747263,
      "theta": 1.1679884782329817,
      "mode": "p-hole"
    },
    "Xe": {
      "G": -4.827216270996346,
      "theta": 1.2861935307648684,
      "mode": "pythagorean"
    },
    "Cs": {
      "G": -0.18773302820800963,
      "theta": 1.0,
      "mode": "additive"
    },
    "Ba": {
      "G": -11.493338371151648,
      "theta": 1.0,
      "mode": "additive"
    },
    "Hf": {
      "G": 5.7187058314243275,
      "theta": 0.564,
      "mode": "leak"
    },
    "Ta": {
      "G": 11.394779521319041,
      "theta": 0.564,
      "mode": "leak"
    },
    "W": {
      "G": 3.9671933803970503,
      "theta": 0.564,
      "mode": "leak"
    },
    "Re": {
      "G": 9.595672070667458,
      "theta": 0.855,
      "mode": "standard"
    },
    "Os": {
      "G": 16.02371547609326,
      "theta": 0.8260000000000001,
      "mode": "standard"
    },
    "Ir": {
      "G": 12.380338588756892,
      "theta": 0.797,
      "mode": "standard"
    },
    "Pt": {
      "G": 34.11007442370785,
      "theta": 0.564,
      "mode": "leak"
    },
    "Au": {
      "G": 6.518049542275136,
      "theta": 0.564,
      "mode": "leak"
    },
    "Hg": {
      "G": 38.1740160729111,
      "theta": 0.564,
      "mode": "leak"
    },
    "Tl": {
      "G": -5.975262513132148,
      "theta": 1.020764517853271,
      "mode": "additive"
    },
    "Pb": {
      "G": -5.679355902103327,
      "theta": 1.0415290357065419,
      "mode": "additive"
    },
    "Bi": {
      "G": -6.514617372693028,
      "theta": 1.0622935535598128,
      "mode": "additive"
    }
  }
}