{
  "natural_theta": 57.5,
  "natural_mode": 7,
  "threshold_stats": {
    "5": {
      "mean": 20.5,
      "mode": 20,
      "min": 20,
      "max": 21,
      "std": 0.5,
      "counts": {
        "20": 60,
        "21": 60
      }
    },
    "10": {
      "mean": 18.0,
      "mode": 18,
      "min": 18,
      "max": 18,
      "std": 0.0,
      "counts": {
        "18": 120
      }
    },
    "15": {
      "mean": 18.0,
      "mode": 18,
      "min": 18,
      "max": 18,
      "std": 0.0,
      "counts": {
        "18": 120
      }
    },
    "20": {
      "mean": 18.0,
      "mode": 18,
      "min": 18,
      "max": 18,
      "std": 0.0,
      "counts": {
        "18": 120
      }
    },
    "25": {
      "mean": 17.5,
      "mode": 17,
      "min": 17,
      "max": 18,
      "std": 0.5,
      "counts": {
        "17": 60,
        "18": 60
      }
    },
    "30": {
      "mean": 17.0,
      "mode": 17,
      "min": 17,
      "max": 17,
      "std": 0.0,
      "counts": {
        "17": 120
      }
    },
    "35": {
      "mean": 11.0,
      "mode": 11,
      "min": 11,
      "max": 11,
      "std": 0.0,
      "counts": {
        "11": 120
      }
    },
    "40": {
      "mean": 9.008333333333333,
      "mode": 9,
      "min": 8,
      "max": 10,
      "std": 0.3762940634958545,
      "counts": {
        "9": 103,
        "10": 9,
        "8": 8
      }
    },
    "45": {
      "mean": 8.433333333333334,
      "mode": 8,
      "min": 8,
      "max": 10,
      "std": 0.5587684871413402,
      "counts": {
        "8": 72,
        "9": 44,
        "10": 4
      }
    },
    "50": {
      "mean": 8.433333333333334,
      "mode": 8,
      "min": 8,
      "max": 10,
      "std": 0.5587684871413402,
      "counts": {
        "8": 72,
        "9": 44,
        "10": 4
      }
    },
    "55": {
      "mean": 7.175,
      "mode": 7,
      "min": 7,
      "max": 8,
      "std": 0.37996710383926663,
      "counts": {
        "7": 99,
        "8": 21
      }
    },
    "60": {
      "mean": 6.858333333333333,
      "mode": 7,
      "min": 6,
      "max": 8,
      "std": 0.536902122261487,
      "counts": {
        "7": 83,
        "8": 10,
        "6": 27
      }
    }
  },
  "most_common_sequence": [
    2,
    3,
    3,
    3,
    3,
    4,
    5
  ],
  "tetrahedral_angle": 106.9217706272268,
  "water_angle": 107.26948432319584
}