{
  "n_points": 4401,
  "n_cells": 2599,
  "R_accept": 1.3497675298823724,
  "PHI": 1.618033988749895,
  "W": 0.46713389224041774,
  "LEAK": 0.14589803375031543,
  "type_distribution": {
    "B": 522,
    "BS": 744,
    "BG": 1160,
    "G": 448,
    "S": 302,
    "BGS": 755,
    "GS": 470
  },
  "statistics": {
    "B": {
      "count": 270,
      "face_count_mode": 9,
      "face_count_mean": 8.992592592592592,
      "volume_mean": 0.1714912917804126,
      "volume_std": 0.019786949421797123,
      "face_count_dist": {
        "9": 216,
        "8": 28,
        "10": 26
      }
    },
    "BG": {
      "count": 696,
      "face_count_mode": 9,
      "face_count_mean": 10.448275862068966,
      "volume_mean": 0.2194564275245879,
      "volume_std": 0.0472525349511196,
      "face_count_dist": {
        "9": 230,
        "10": 196,
        "12": 66,
        "8": 64,
        "13": 64,
        "16": 54,
        "11": 22
      }
    },
    "BGS": {
      "count": 405,
      "face_count_mode": 23,
      "face_count_mean": 20.266666666666666,
      "volume_mean": 0.343559108054102,
      "volume_std": 0.037992262769905256,
      "face_count_dist": {
        "23": 120,
        "18": 120,
        "25": 60,
        "13": 60,
        "24": 20,
        "21": 12,
        "22": 12,
        "12": 1
      }
    },
    "BS": {
      "count": 484,
      "face_count_mode": 10,
      "face_count_mean": 10.834710743801653,
      "volume_mean": 0.22070572072943823,
      "volume_std": 0.06008160463409554,
      "face_count_dist": {
        "10": 142,
        "9": 130,
        "16": 72,
        "8": 52,
        "13": 44,
        "12": 30,
        "11": 14
      }
    },
    "G": {
      "count": 260,
      "face_count_mode": 9,
      "face_count_mean": 8.9,
      "volume_mean": 0.174084036372946,
      "volume_std": 0.02080922157405471,
      "face_count_dist": {
        "9": 174,
        "8": 56,
        "10": 30
      }
    },
    "GS": {
      "count": 354,
      "face_count_mode": 9,
      "face_count_mean": 10.841807909604519,
      "volume_mean": 0.2203557765744838,
      "volume_std": 0.04754605909920919,
      "face_count_dist": {
        "9": 120,
        "10": 102,
        "13": 72,
        "16": 26,
        "12": 24,
        "11": 6,
        "8": 4
      }
    },
    "S": {
      "count": 130,
      "face_count_mode": 9,
      "face_count_mean": 8.753846153846155,
      "volume_mean": 0.1672904568429297,
      "volume_std": 0.016203407104253,
      "face_count_dist": {
        "9": 90,
        "8": 36,
        "10": 4
      }
    }
  },
  "dual_network": {
    "n_matter": 405,
    "n_vacuum": 2194,
    "matter_fraction": 0.2358238004134689,
    "vacuum_fraction": 0.764176199586531,
    "type_counts": {
      "BS": 484,
      "BG": 696,
      "G": 260,
      "BGS": 405,
      "S": 130,
      "GS": 354,
      "B": 270
    },
    "type_vol_fractions": {
      "BS": 0.1810464844441017,
      "BG": 0.2588741518002192,
      "G": 0.07671202373398125,
      "BGS": 0.23582380041346898,
      "S": 0.036859179518075956,
      "GS": 0.1322083381240318,
      "B": 0.07847602196612133
    }
  },
  "face_area_ratios": {
    "modal_face_count": 23,
    "observed": [
      0.07942951933849161,
      0.07526622491124287,
      0.07433365266537666,
      0.06859168101725903,
      0.0586628063887789,
      0.058662806388778875,
      0.05866280638877886,
      0.058662806388778854,
      0.05762799483214649,
      0.05216862181395052,
      0.04781316379098934,
      0.03798938762943018,
      0.03089192034748036,
      0.0275067064607545,
      0.025940202425959177,
      0.025940202425959173,
      0.025146909091166358,
      0.02514690909116633,
      0.023580405056370973,
      0.02199381838678528,
      0.021993818386785255,
      0.021993818386785227,
      0.021993818386785192
    ],
    "predicted": [
      0.29429429429429427,
      0.22622622622622623,
      0.14914914914914915,
      0.14614614614614613,
      0.08108108108108107,
      0.07407407407407407,
      0.029029029029029027
    ]
  }
}