{
  "generation_ratios": {
    "\u03bc/e": 206.76712328767124,
    "\u03c4/\u03bc": 16.817089098790436,
    "\u03c4/e": 3477.2211350293537,
    "c/u": 587.9629629629629,
    "t/c": 136.03149606299212,
    "t/u": 79981.48148148147,
    "s/d": 20.0,
    "b/s": 44.75374732334047,
    "b/d": 895.0749464668095,
    "\u0394m\u00b2_32/\u0394m\u00b2_21": 32.57636122177955
  },
  "phi_exponents": {
    "\u03bc/e": 11.079513997886576,
    "\u03c4/\u03bc": 5.865183336496795,
    "\u03c4/e": 16.94469733438337,
    "c/u": 13.251261971724702,
    "t/c": 10.209405072316093,
    "t/u": 23.460667044040793,
    "s/d": 6.225392057194222,
    "b/s": 7.899172427471389,
    "b/d": 14.124564484665612,
    "\u0394m\u00b2_32/\u0394m\u00b2_21": 7.239196395519084
  },
  "top_charm_test": {
    "ratio": 136.03149606299212,
    "target": 136,
    "error_pct": 0.023158869847146192,
    "match": true
  },
  "koide": {
    "ratio": 0.6666608187172461,
    "target": 0.6666666666666666,
    "error_pct": 0.0008771924130734909,
    "match": true
  },
  "weinberg": {
    "sin2_thetaW": 0.23122,
    "sigma3_wall_F6": 0.23132928,
    "error_pct": 0.04726234754778539,
    "fibonacci_3_13": 0.23076923076923078,
    "fib_error_pct": 0.19495252606574986
  },
  "electroweak": {
    "\u03c4/\u03bc": {
      "observed": 16.817089098790436,
      "predicted": 16.816820120655038,
      "formula": "W \u00d7 36",
      "error_pct": 0.0015994333729132599
    },
    "M_W/m_p": {
      "observed": 85.6649244568739,
      "predicted": 85.66315749329094,
      "formula": "\u03c6\u00b2 \u00d7 W\u207b\u00b2 \u00d7 \u03b4\u2087",
      "error_pct": 0.0020626453524228336
    },
    "M_Z/m_p": {
      "observed": 97.18716960540226,
      "predicted": 97.18865928407557,
      "formula": "W\u207b\u2075 \u00d7 \u03b4\u2083\u207b\u00b9 \u00d7 \u03b4\u2087",
      "error_pct": 0.0015327935563483608
    },
    "M_H/m_p": {
      "observed": 133.49007537259985,
      "predicted": 133.46837967501952,
      "formula": "\u03c6\u00b2 \u00d7 \u03b4\u2087\u00b2",
      "error_pct": 0.016252667113843232
    },
    "\u03b1_s(M_Z)": {
      "observed": 0.1179,
      "predicted": 0.11796331787747066,
      "formula": "W\u2075 \u00d7 H \u00d7 \u03b4\u2087",
      "error_pct": 0.05370473067909998
    },
    "(m_n-m_p)/m_e": {
      "observed": 2.531,
      "predicted": 2.5311201410733597,
      "formula": "R_C\u207b\u00b9 \u00d7 \u03b4\u2083\u207b\u00b9 \u00d7 \u03b4\u2087",
      "error_pct": 0.004746782827323537
    }
  },
  "tier1_count": 18,
  "tier2_count": 12,
  "tier3_count": 19,
  "total_matches": 49,
  "sm_fraction": 2.5789473684210527
}