{
  "n_half": 3,
  "n_steps": 1000,
  "bracket": 230,
  "n_vertices": 4401,
  "n_bgs": 755,
  "gamma": 1.8599699023641487,
  "n_galaxies": 0,
  "galaxy_shapes": {
    "disc": 0,
    "filament": 0,
    "sphere": 0,
    "oblate": 0
  },
  "galaxies": [],
  "params": {
    "N": 4401,
    "n_steps": 1000,
    "bracket": 230,
    "dt": 0.0015621219449379617,
    "damping": 0.9985,
    "mean_spacing": 0.7810609724689809,
    "jax": true,
    "device": "METAL:0"
  },
  "final_strain": 398.3009338378906
}