{
  "band_gap_R2": {
    "Harrison 1/d\u00b2": 0.09067998348736883,
    "\u03b8_prod \u00d7 Ry/d": 0.24597114282130816,
    "\u221a|G\u00d7G| \u00d7 Ry/d\u00b2": 0.0010832268240631437,
    "inv_ratio \u00d7 W/per": 0.3620732500403223,
    "Ry \u00d7 BOS / d": 0.08953308677118454,
    "log(1/d) + log(\u221a|G|)": 0.2896485499002416,
    "1/d\u00b2 + \u03b8/d (3-feat)": 0.28804946295600486,
    "log(1/d\u00b2)+log(\u03b8) (3f)": 0.18057588685452786,
    "|\u0394EN| + 1/d (3-feat)": 0.7509309603990584,
    "1/d (simplest)": 0.08953308677118454,
    "EN_sum / d": 0.1716836162458224,
    "\u0394EN\u00b2 / d": 0.7661518036666028
  },
  "band_gap_best": "\u0394EN\u00b2 / d",
  "band_gap_best_R2": 0.7661518036666028,
  "en_R2": {
    "\u03b8 \u00d7 Ry / r_cov": 0.4764860547093349,
    "ratio/(r/a\u2080) \u00d7 W": 0.45308535323558263,
    "\u03b8 / r_cov^(2/3)": 0.5304927900045124,
    "1 / r_cov": 0.29055432067971765,
    "Z^(1/3) / r_cov": 0.696509318308019,
    "(1+G/100)/r^(2/3)": 0.08554919242319925,
    "\u03b8/r + 1/per (3f)": 0.6768913909058878,
    "1/r^(2/3) + \u03b8 (3f)": 0.48410061084346645,
    "Z\u00d7\u03c3\u2083\u00d7per/\u03c6 / r_cov": 0.002359226086878996,
    "\u221a(Z/per) / \u221ar_cov": 0.355670218618668,
    "\u221a(Ry\u00d7Z_eff\u00b2/n\u00b2)": 0.0006692705733279958,
    "\u221a(Ry\u00d7(Z\u03c3\u2083)\u00b2/n\u00b2)": 0.0003479861141773011,
    "\u221aIE_fw + \u03b8/r (3f)": 0.6332619765762342,
    "Z\u03c3\u2083 / r\u00b2": 0.29584673053991917,
    "\u221aIE + \u03b8/r + G (4f)": 0.7002962106519777,
    "Z_valence / r\u00b2": 0.7162222728924732
  },
  "en_best": "Z_valence / r\u00b2",
  "en_best_R2": 0.7162222728924732,
  "hardness_R2": {
    "log(1/d)+log(\u221a|G|) (prev)": 0.7792508004848149,
    "+log(\u03b8_prod) (4f)": 0.7887520268038539,
    "+per2_count (4f)": 0.8115514292179706,
    "log(1/d\u00b3\u00d7\u221a|G|)": 0.7154163717932944,
    "5-feature full": 0.8313107342276937,
    "log(1/d\u00b3)": 0.7740308889255465,
    "log(1/d\u00b2)+log(EN_prod)": 0.7871140072746857
  },
  "hardness_best": "5-feature full",
  "hardness_best_R2": 0.8313107342276937,
  "bulk_R2": {
    "log(1/r_cov)": 0.476756430458279,
    "log(Z)": 0.030602058651292285,
    "log(Z/r\u00b3)": 0.6014467381898319,
    "log(1/r) + \u03b8 (3f)": 0.6553872916032732,
    "log(1/r) + |G| (3f)": 0.4874598458116777,
    "log(Z^(5/3)/r\u00b3)": 0.3733355220123149,
    "log(1/r)+\u03b8+|G| (4f)": 0.6918676177120082,
    "log(1/r\u00b3\u00d7|1+G|)": 0.5018742143076109,
    "log(EN/d\u00b3_\u00c5)": 0.5653572471856059
  },
  "bulk_best": "log(1/r)+\u03b8+|G| (4f)",
  "bulk_best_R2": 0.6918676177120082,
  "n_above_R2_070": 4,
  "n_above_R2_080": 2
}