{
  "framework": "Fibonacci Lattice Bonding Engine",
  "axiom": "\u03c6\u00b2 = \u03c6 + 1",
  "D": 233,
  "n_elements": 57,
  "site_mapping": "floor(Z \u00d7 \u03c6) mod 233",
  "bond_energy_R2": {
    "formula_A": -0.5419187933611178,
    "formula_B": -0.18659160521210816,
    "formula_C": -0.5022093846013045,
    "formula_D": -0.9468091033728279,
    "formula_E": -0.033036645676411514,
    "formula_F": 0.4201487650963972,
    "best": "F",
    "best_R2": 0.4201487650963972
  },
  "bond_length_R2": {
    "cov_sum": 0.9601791024618642,
    "cube_root": 0.29388208734459464,
    "vdw_compressed": 0.12873082973378025,
    "cov_plus_theta": 0.9621989670579512,
    "multi_feature": 0.9658167321541763,
    "best": "e",
    "best_R2": 0.9658167321541763
  },
  "bond_type_accuracy": 42.10526315789473,
  "noble_gas_separation": false,
  "carbon_hub_score": 0.8957642289401628,
  "benzene_cc_bos_match_pct": 0.02143582533554696,
  "diamond_cc_n2_match_pct": 0.16861016190271172,
  "h2o_angle_golden_ratio": 0.7599570884010112,
  "n_diatomics_tested": 45,
  "n_within_20pct": 8,
  "g_factor_error_pct": 0.022357802585831463,
  "correlations": {
    "overlap_vs_D0": -0.29739073414210426,
    "inv_dist_vs_D0": -0.35608548928222405,
    "core_ov_vs_D0": -0.03655798795520624,
    "dark_ov_vs_D0": -0.19221699982319665,
    "EN_geometric_vs_D0": 0.6385234594310558
  },
  "element_sites": {
    "H": 1,
    "He": 3,
    "Li": 4,
    "Be": 6,
    "B": 8,
    "C": 9,
    "N": 11,
    "O": 12,
    "F": 14,
    "Ne": 16,
    "Na": 17,
    "Mg": 19,
    "Al": 21,
    "Si": 22,
    "P": 24,
    "S": 25,
    "Cl": 27,
    "Ar": 29,
    "K": 30,
    "Ca": 32,
    "Sc": 33,
    "Ti": 35,
    "V": 37,
    "Cr": 38,
    "Mn": 40,
    "Fe": 42,
    "Co": 43,
    "Ni": 45,
    "Cu": 46,
    "Zn": 48,
    "Ga": 50,
    "Ge": 51,
    "As": 53,
    "Se": 55,
    "Br": 56,
    "Kr": 58,
    "Rb": 59,
    "Sr": 61,
    "Y": 63,
    "Zr": 64,
    "Nb": 66,
    "Mo": 67,
    "Ru": 71,
    "Rh": 72,
    "Pd": 74,
    "Ag": 76,
    "Cd": 77,
    "In": 79,
    "Sn": 80,
    "I": 85,
    "Xe": 87,
    "Cs": 88,
    "Ba": 90,
    "Hf": 116,
    "W": 119,
    "Au": 127,
    "Pb": 132
  }
}