{
  "n_frameworks": 100000,
  "elapsed_s": 1.5436060428619385,
  "real_links_1pct": 5,
  "real_links_01pct": 3,
  "hist_1pct": [
    84076,
    15101,
    802,
    21,
    0,
    0
  ],
  "hist_01pct": [
    98364,
    1622,
    14,
    0,
    0,
    0
  ],
  "p_values_1pct": {
    "0": 1.0,
    "1": 0.15924,
    "2": 0.00823,
    "3": 0.00021,
    "4": 0.0,
    "5": 0.0
  },
  "p_values_01pct": {
    "0": 1.0,
    "1": 0.01636,
    "2": 0.00014,
    "3": 0.0,
    "4": 0.0,
    "5": 0.0
  },
  "per_link_pass_rates": {
    "W \u2192 \u03a9_DE + \u03c4/\u03bc": 0.00903,
    "136 \u2192 gravity + t/c": 0.02489,
    "N \u2192 \u03b1\u207b\u00b9 + c/u": 0.00016,
    "D_s \u2192 Koide": 0.074,
    "\u03c3\u2083\u03c3_wall \u2192 sin\u00b2\u03b8_W": 0.0596
  },
  "joint_independence": 1.5860271194880002e-10,
  "observed_5of5": 0.0
}